timestamp,consumption
2017-01-01T00:00:00.000,27423.036011033673
2017-01-01T01:00:00.000,27266.451701389058
2017-01-01T02:00:00.000,26236.349850565373
2017-01-01T03:00:00.000,25678.44526249671
2017-01-01T04:00:00.000,22359.737677717418
2017-01-01T05:00:00.000,22732.023768033603
2017-01-01T06:00:00.000,23248.430555842726
2017-01-01T07:00:00.000,24612.16381093879
2017-01-01T08:00:00.000,24883.433850021356
2017-01-01T09:00:00.000,29522.60453908324
2017-01-01T10:00:00.000,32571.442255992046
2017-01-01T11:00:00.000,33384.2932451024
2017-01-01T12:00:00.000,32799.23971932668
2017-01-01T13:00:00.000,36693.58717148534
2017-01-01T14:00:00.000,31722.659737583
2017-01-01T15:00:00.000,33277.49269911316
2017-01-01T16:00:00.000,34877.45747493374
2017-01-01T17:00:00.000,31445.407143603858
2017-01-01T18:00:00.000,36857.10903590601
2017-01-01T19:00:00.000,42118.668053249894
2017-01-01T20:00:00.000,40031.59245434602
2017-01-01T21:00:00.000,43557.10336960294
2017-01-01T22:00:00.000,36100.076282878406
2017-01-01T23:00:00.000,32571.689509335367
2017-01-02T00:00:00.000,30186.162916303925
2017-01-02T01:00:00.000,28140.199860907866
2017-01-02T02:00:00.000,26593.868844619872
2017-01-02T03:00:00.000,24124.70237379186
2017-01-02T04:00:00.000,21435.668536447643
2017-01-02T05:00:00.000,22921.527145989585
2017-01-02T06:00:00.000,20813.30954658041
2017-01-02T07:00:00.000,22534.595129615027
2017-01-02T08:00:00.000,25033.06023146213
2017-01-02T09:00:00.000,28033.43710998568
2017-01-02T10:00:00.000,30224.672492952177
2017-01-02T11:00:00.000,36057.81041519655
2017-01-02T12:00:00.000,33484.7818157656
2017-01-02T13:00:00.000,33268.54578248777
2017-01-02T14:00:00.000,33298.5918326857
2017-01-02T15:00:00.000,31427.53783508092
2017-01-02T16:00:00.000,33863.924543500165
2017-01-02T17:00:00.000,34812.98912472456
2017-01-02T18:00:00.000,36059.969705412484
2017-01-02T19:00:00.000,42861.111332750996
2017-01-02T20:00:00.000,42297.96769061519
2017-01-02T21:00:00.000,40718.227218462
2017-01-02T22:00:00.000,39771.19126556653
2017-01-02T23:00:00.000,32152.966239877314
2017-01-03T00:00:00.000,28897.016168086757
2017-01-03T01:00:00.000,24384.86925716623
2017-01-03T02:00:00.000,24477.80831926213
2017-01-03T03:00:00.000,25724.701425287596
2017-01-03T04:00:00.000,24316.778594851658
2017-01-03T05:00:00.000,23212.44631547367
2017-01-03T06:00:00.000,22859.31916198302
2017-01-03T07:00:00.000,24105.350642818175
2017-01-03T08:00:00.000,24494.18987013335
2017-01-03T09:00:00.000,30394.75369866474
2017-01-03T10:00:00.000,32141.93986666858
2017-01-03T11:00:00.000,33240.73737076982
2017-01-03T12:00:00.000,33729.705948893534
2017-01-03T13:00:00.000,32007.86468411823
2017-01-03T14:00:00.000,33594.184088100694
2017-01-03T15:00:00.000,33724.99249182862
2017-01-03T16:00:00.000,32534.19931570101
2017-01-03T17:00:00.000,33814.400163881655
2017-01-03T18:00:00.000,39288.96830679204
2017-01-03T19:00:00.000,38865.38661328223
2017-01-03T20:00:00.000,42498.70926735234
2017-01-03T21:00:00.000,40532.34040977213
2017-01-03T22:00:00.000,40060.89899944916
2017-01-03T23:00:00.000,33839.64871227423
2017-01-04T00:00:00.000,28419.62047785205
2017-01-04T01:00:00.000,27573.048304486998
2017-01-04T02:00:00.000,24655.849363872945
2017-01-04T03:00:00.000,24590.78603633737
2017-01-04T04:00:00.000,22562.979707717266
2017-01-04T05:00:00.000,21038.81582211731
2017-01-04T06:00:00.000,21912.99759071437
2017-01-04T07:00:00.000,22050.272138858953
2017-01-04T08:00:00.000,26511.674274948073
2017-01-04T09:00:00.000,29074.66850827613
2017-01-04T10:00:00.000,30330.1675632863
2017-01-04T11:00:00.000,34520.54034508566
2017-01-04T12:00:00.000,36878.25474075606
2017-01-04T13:00:00.000,33215.89455486105
2017-01-04T14:00:00.000,33889.83404903602
2017-01-04T15:00:00.000,33375.75151657744
2017-01-04T16:00:00.000,33050.776624523816
2017-01-04T17:00:00.000,32630.518575005255
2017-01-04T18:00:00.000,38435.36663299375
2017-01-04T19:00:00.000,38898.37593053915
2017-01-04T20:00:00.000,41905.30552293322
2017-01-04T21:00:00.000,40320.38086027259
2017-01-04T22:00:00.000,36195.13477543701
2017-01-04T23:00:00.000,32575.976982783195
2017-01-05T00:00:00.000,30811.18487638269
2017-01-05T01:00:00.000,26613.475455818818
2017-01-05T02:00:00.000,26590.60700450013
2017-01-05T03:00:00.000,26322.900189324126
2017-01-05T04:00:00.000,24814.799198429464
2017-01-05T05:00:00.000,25071.53547517132
2017-01-05T06:00:00.000,22925.94696740952
2017-01-05T07:00:00.000,25091.999575003145
2017-01-05T08:00:00.000,24163.62725337787
2017-01-05T09:00:00.000,31369.9616869951
2017-01-05T10:00:00.000,35274.59408893357
2017-01-05T11:00:00.000,37520.06128776867
2017-01-05T12:00:00.000,34517.80589225949
2017-01-05T13:00:00.000,36862.35965823028
2017-01-05T14:00:00.000,35323.36881189154
2017-01-05T15:00:00.000,33165.113662794996
2017-01-05T16:00:00.000,30519.968264166528
2017-01-05T17:00:00.000,35639.92462875242
2017-01-05T18:00:00.000,36753.046787950356
2017-01-05T19:00:00.000,42853.92629237483
2017-01-05T20:00:00.000,42957.15706940325
2017-01-05T21:00:00.000,42412.73718157691
2017-01-05T22:00:00.000,37493.33265470309
2017-01-05T23:00:00.000,35912.66624841655
2017-01-06T00:00:00.000,32980.06856555954
2017-01-06T01:00:00.000,27414.623702318928
2017-01-06T02:00:00.000,26365.315115404937
2017-01-06T03:00:00.000,27022.557591707166
2017-01-06T04:00:00.000,23262.765058349083
2017-01-06T05:00:00.000,24163.453914887174
2017-01-06T06:00:00.000,20674.08564424819
2017-01-06T07:00:00.000,24142.69223575251
2017-01-06T08:00:00.000,26550.008745728082
2017-01-06T09:00:00.000,28770.983955852273
2017-01-06T10:00:00.000,32702.653939681004
2017-01-06T11:00:00.000,31429.09637686465
2017-01-06T12:00:00.000,37437.38204306148
2017-01-06T13:00:00.000,37867.496016065284
2017-01-06T14:00:00.000,34988.690315790685
2017-01-06T15:00:00.000,29948.52723886388
2017-01-06T16:00:00.000,33102.192209524874
2017-01-06T17:00:00.000,32057.705756324176
2017-01-06T18:00:00.000,41028.84059392017
2017-01-06T19:00:00.000,42228.85783031859
2017-01-06T20:00:00.000,43944.12084679459
2017-01-06T21:00:00.000,42905.265026182686
2017-01-06T22:00:00.000,34363.85999727106
2017-01-06T23:00:00.000,34770.895775732744
2017-01-07T00:00:00.000,28335.709740718452
2017-01-07T01:00:00.000,23757.225864304168
2017-01-07T02:00:00.000,23677.77488544023
2017-01-07T03:00:00.000,22686.727198897515
2017-01-07T04:00:00.000,25949.363345516023
2017-01-07T05:00:00.000,23535.145517688452
2017-01-07T06:00:00.000,23241.971810747993
2017-01-07T07:00:00.000,24067.049263888697
2017-01-07T08:00:00.000,26015.37277478045
2017-01-07T09:00:00.000,30507.22018582764
2017-01-07T10:00:00.000,33386.4679323375
2017-01-07T11:00:00.000,33147.02287917858
2017-01-07T12:00:00.000,38242.62255919944
2017-01-07T13:00:00.000,34977.423531140485
2017-01-07T14:00:00.000,35187.02353468304
2017-01-07T15:00:00.000,35297.54244119177
2017-01-07T16:00:00.000,32671.2964956286
2017-01-07T17:00:00.000,32327.406035512016
2017-01-07T18:00:00.000,38774.05008805527
2017-01-07T19:00:00.000,44909.052718629064
2017-01-07T20:00:00.000,45835.94977641948
2017-01-07T21:00:00.000,39618.93667705951
2017-01-07T22:00:00.000,39232.065870743674
2017-01-07T23:00:00.000,33471.925475411495
2017-01-08T00:00:00.000,30489.808781617805
2017-01-08T01:00:00.000,27837.978343202107
2017-01-08T02:00:00.000,24045.185982969302
2017-01-08T03:00:00.000,22603.725787928783
2017-01-08T04:00:00.000,24409.731580544663
2017-01-08T05:00:00.000,23776.732255163013
2017-01-08T06:00:00.000,21673.42303267142
2017-01-08T07:00:00.000,24555.502386479806
2017-01-08T08:00:00.000,25382.940430351107
2017-01-08T09:00:00.000,27408.226031208542
2017-01-08T10:00:00.000,30093.104673236725
2017-01-08T11:00:00.000,36285.12795060853
2017-01-08T12:00:00.000,35553.68302033273
2017-01-08T13:00:00.000,33787.25159829811
2017-01-08T14:00:00.000,36222.126126718395
2017-01-08T15:00:00.000,35183.37385717106
2017-01-08T16:00:00.000,34428.40773387356
2017-01-08T17:00:00.000,34582.04737151172
2017-01-08T18:00:00.000,38455.499908274076
2017-01-08T19:00:00.000,42415.97786720048
2017-01-08T20:00:00.000,41573.37151642659
2017-01-08T21:00:00.000,39295.265446745696
2017-01-08T22:00:00.000,38919.71119920007
2017-01-08T23:00:00.000,32094.864341924207
2017-01-09T00:00:00.000,32515.76324338707
2017-01-09T01:00:00.000,26207.013825920378
2017-01-09T02:00:00.000,23619.60705611734
2017-01-09T03:00:00.000,26721.733071577888
2017-01-09T04:00:00.000,23026.723224402074
2017-01-09T05:00:00.000,23153.603276282778
2017-01-09T06:00:00.000,22716.397066824073
2017-01-09T07:00:00.000,23432.687688398557